glucose,haemoglobin,cholesterol,risk
123,12.9,199,Prediabetes Risk
117,15.4,180,Prediabetes Risk
114,11.6,184,Prediabetes Risk
97,13.8,251,High Cholesterol Risk
100,14.2,206,Prediabetes Risk
145,14.8,198,High Cholesterol Risk
79,13.4,194,Healthy
98,11.3,180,High Cholesterol Risk
83,13.6,179,Healthy
77,14.7,262,High Cholesterol Risk
106,14.7,145,Prediabetes Risk
105,12.9,212,Prediabetes Risk
110,14.3,136,Prediabetes Risk
125,14.2,323,Prediabetes Risk
85,15.8,239,Prediabetes Risk
96,13.1,147,Healthy
132,11.4,217,Prediabetes Risk
127,14.8,201,Prediabetes Risk
148,12.9,172,High Cholesterol Risk
104,11.8,192,Prediabetes Risk
129,13.2,99,Prediabetes Risk
101,10.8,181,Prediabetes Risk
80,15.5,144,Healthy
63,17.8,147,Healthy
135,16.7,212,Prediabetes Risk
64,14.3,215,Prediabetes Risk
83,14.7,190,Healthy
111,13.9,217,Prediabetes Risk
72,14.0,207,Prediabetes Risk
34,12.4,165,Healthy
118,10.7,105,Prediabetes Risk
116,12.2,160,Prediabetes Risk
126,10.8,225,Prediabetes Risk
104,14.9,190,Prediabetes Risk
108,13.1,181,Prediabetes Risk
85,15.4,226,Prediabetes Risk
58,10.3,219,Prediabetes Risk
96,16.1,150,Healthy
116,11.1,196,Prediabetes Risk
125,12.4,205,Prediabetes Risk
91,12.4,166,Healthy
134,13.3,164,Prediabetes Risk
93,12.4,182,Healthy
73,16.6,269,High Cholesterol Risk
91,15.9,195,Healthy
108,11.6,156,Prediabetes Risk
96,13.2,186,Healthy
85,12.1,225,Prediabetes Risk
117,16.2,227,Prediabetes Risk
101,13.9,177,Prediabetes Risk
63,12.7,209,Prediabetes Risk
124,13.1,187,Prediabetes Risk
130,14.7,190,Prediabetes Risk
67,12.7,133,Healthy
116,13.2,268,Prediabetes Risk
93,13.7,249,High Cholesterol Risk
127,12.2,181,Prediabetes Risk
80,11.9,221,Prediabetes Risk
75,12.7,149,Healthy
101,14.3,213,Prediabetes Risk
132,14.6,171,Prediabetes Risk
119,13.4,153,Prediabetes Risk
79,13.6,204,Prediabetes Risk
105,14.5,197,Prediabetes Risk
88,11.8,159,High Cholesterol Risk
134,12.8,175,Prediabetes Risk
90,13.8,169,Healthy
101,12.7,140,Prediabetes Risk
90,13.5,231,Prediabetes Risk
122,16.0,193,Prediabetes Risk
75,13.7,172,Healthy
84,15.4,259,High Cholesterol Risk
81,11.9,183,High Cholesterol Risk
59,12.4,198,Healthy
31,16.2,175,Healthy
90,16.1,161,Healthy
86,13.6,154,Healthy
105,10.3,270,Prediabetes Risk
80,14.2,177,Healthy
73,13.2,142,Healthy
97,14.8,169,Healthy
102,15.0,174,Prediabetes Risk
78,13.3,134,Healthy
100,14.1,239,Prediabetes Risk
47,14.4,208,Prediabetes Risk
109,12.3,141,Prediabetes Risk
127,10.0,197,Prediabetes Risk
90,15.0,261,High Cholesterol Risk
46,12.9,205,Prediabetes Risk
96,12.0,177,Healthy
111,11.9,237,Prediabetes Risk
95,13.0,205,Prediabetes Risk
67,14.5,174,Healthy
125,10.6,177,Prediabetes Risk
92,11.9,224,Prediabetes Risk
69,13.5,145,Healthy
94,17.0,250,High Cholesterol Risk
112,10.6,189,Prediabetes Risk
102,14.3,258,Prediabetes Risk
109,14.5,209,Prediabetes Risk
